{"cameraMode":{"drawMode":0,"name":"Shaded","section":"Shading Mode"},"sceneLighting":false,"audioPlay":false,"sceneViewState":{"showFog":true,"showMaterialUpdate":false,"showSkybox":false,"showFlares":true,"showImageEffects":true,"showParticleSystems":true},"in2DMode":false,"pivot":{"x":2.980232238769531e-7,"y":-4.917383193969727e-7,"z":-0.000016901642084121704},"rotation":{"x":0.01619166135787964,"y":-0.9371899366378784,"z":0.34571483731269839,"w":0.043888527899980548},"size":1.361161708831787,"orthographic":false}