{"cameraMode":{"drawMode":0,"name":"Shaded","section":"Shading Mode"},"sceneLighting":true,"audioPlay":false,"sceneViewState":{"showFog":true,"showMaterialUpdate":false,"showSkybox":true,"showFlares":true,"showImageEffects":true,"showParticleSystems":true},"in2DMode":false,"pivot":{"x":-1.1033573150634766,"y":14.633380889892579,"z":-393.27496337890627},"rotation":{"x":0.09474880248308182,"y":0.5742979645729065,"z":-0.06717123091220856,"w":0.8104305267333984},"size":13.318377494812012,"orthographic":false}