{"cameraMode":{"drawMode":0,"name":"Shaded","section":"Shading Mode"},"sceneLighting":true,"audioPlay":false,"sceneViewState":{"showFog":true,"showMaterialUpdate":false,"showSkybox":true,"showFlares":true,"showImageEffects":true,"showParticleSystems":true},"in2DMode":false,"pivot":{"x":-21.596853256225587,"y":-9.230406761169434,"z":-53.809326171875},"rotation":{"x":0.07431260496377945,"y":-0.8856188058853149,"z":0.15178057551383973,"w":0.4327170252799988},"size":22.83788299560547,"orthographic":false}