{"cameraMode":{"drawMode":0,"name":"Shaded","section":"Shading Mode"},"sceneLighting":true,"audioPlay":false,"sceneViewState":{"showFog":true,"showMaterialUpdate":false,"showSkybox":true,"showFlares":true,"showImageEffects":true,"showParticleSystems":true},"in2DMode":false,"pivot":{"x":84.56626892089844,"y":3.986494541168213,"z":-111.39569091796875},"rotation":{"x":-0.10265174508094788,"y":-0.6558495759963989,"z":0.09067928045988083,"w":-0.7423765659332275},"size":23.55196762084961,"orthographic":false}