{"cameraMode":{"drawMode":0,"name":"Shaded","section":"Shading Mode"},"sceneLighting":true,"audioPlay":false,"sceneViewState":{"showFog":true,"showMaterialUpdate":false,"showSkybox":true,"showFlares":true,"showImageEffects":true,"showParticleSystems":true},"in2DMode":false,"pivot":{"x":294.6108703613281,"y":-222.4823455810547,"z":-257.1163330078125},"rotation":{"x":0.2039923220872879,"y":0.767914891242981,"z":-0.29509758949279787,"w":0.5307687520980835},"size":186.00497436523438,"orthographic":false}