{"cameraMode":{"drawMode":0,"name":"Shaded","section":"Shading Mode"},"sceneLighting":false,"audioPlay":false,"sceneViewState":{"showFog":true,"showMaterialUpdate":false,"showSkybox":false,"showFlares":true,"showImageEffects":true,"showParticleSystems":true},"in2DMode":false,"pivot":{"x":0.7330515384674072,"y":0.7051997184753418,"z":2.454535722732544},"rotation":{"x":-0.032754071056842807,"y":0.768519937992096,"z":-0.03946596384048462,"w":-0.6377815008163452},"size":3.407395362854004,"orthographic":false}