{"cameraMode":{"drawMode":0,"name":"Shaded","section":"Shading Mode"},"sceneLighting":false,"audioPlay":false,"sceneViewState":{"showFog":true,"showMaterialUpdate":false,"showSkybox":false,"showFlares":true,"showImageEffects":true,"showParticleSystems":true},"in2DMode":false,"pivot":{"x":-0.55633544921875,"y":0.8945693969726563,"z":7.87939453125},"rotation":{"x":-0.03167424350976944,"y":0.2798488140106201,"z":-0.009238369762897492,"w":-0.9594763517379761},"size":1.3290958404541016,"orthographic":true}