{"cameraMode":{"drawMode":0,"name":"Shaded","section":"Shading Mode"},"sceneLighting":true,"audioPlay":false,"sceneViewState":{"showFog":true,"showMaterialUpdate":false,"showSkybox":true,"showFlares":true,"showImageEffects":true,"showParticleSystems":true},"in2DMode":false,"pivot":{"x":43.33527374267578,"y":2.79917049407959,"z":-254.5063018798828},"rotation":{"x":0.040577881038188937,"y":-0.8703026175498962,"z":0.07275073975324631,"w":0.4854367673397064},"size":13.563701629638672,"orthographic":false}