{"cameraMode":{"drawMode":0,"name":"Shaded","section":"Shading Mode"},"sceneLighting":true,"audioPlay":false,"sceneViewState":{"showFog":true,"showMaterialUpdate":false,"showSkybox":true,"showFlares":true,"showImageEffects":true,"showParticleSystems":true},"in2DMode":false,"pivot":{"x":-2.735489845275879,"y":0.6429306268692017,"z":-167.6414794921875},"rotation":{"x":-0.002263793721795082,"y":0.9963747262954712,"z":-0.08058103919029236,"w":-0.028107691556215287},"size":34.87529754638672,"orthographic":false}